Temperature [K],Fraction Transformed
273,1
280,1
290,1
300,1
310,1
320,1
330,1
338.4922,1
338.49348,1
339.81038,1
340,1
350,1
360,1
370,1
377.58208,1
380,1
390,1
400,1
410,1
420,1
430,1
430,1
440,1
450,1
460,1
470,1
480,1
490,1
500,1
503.68893,1
510,1
520,1
530,1
540,1
550,1
560,1
570,1
580,1
585.38037,1
590,1
600,1
608.87445,1
608.89301,1
610,1
620,1
624.10108,1
630,1
640,1
650,1
660,1
670,1
680,1
684.10408,1
690,1
700,1
710,1
720,1
730,1
740,1
750,1
760,1
770,1
780,1
783.14745,1
790,1
797.15321,1
800,1
810,1
820,1
824.1897,1
830,1
840,1
840.26704,1
850,1
860,1
870,1
880,1
890,1
900,1
910,1
920,1
930,1
940,1
950,1
958.27037,1
960,0.98671
970,0.88814
970.0083,0.88804
970.55622,0.87843
971.82843,0.86828
980,0.85711
990,0.84177
1000,0.82445
1010,0.8051
1020,0.78294
1030,0.75648
1040,0.72554
1050,0.68922
1060,0.64645
1070,0.59594
1080,0.53616
1090,0.46533
1100,0.38146
1110,0.2825
1120,0.16659
1130,0.03275
1132.2656,0
1140,0
1150,0
1160,0
1170,0
1180,0
1190,0
1200,0
1210,0
1220,0
1230,0
1240,0
1250,0
1260,0
1270,0
1280,0
1290,0
1300,0
1310,0
1320,0
1330,0
1340,0
1350,0
1360,0
1370,0
1380,0
1390,0
1400,0
1410,0
1420,0
1430,0
1440,0
1450,0
1460,0
1470,0
1480,0
1490,0
1500,0
1510,0
1520,0
1530,0
1540,0
1550,0
1560,0
1570,0
1580,0
1590,0
1600,0
1610,0
1620,0
1630,0
1640,0
1650,0
1660,0
1670,0
1680,0
1690,0
1700,0
